task,dataset,model_name,seed,best_valid_epoch,valid_mae,test_mae,training_time_seconds,parameter_count,test_forward_count,checkpoint_sha256,protocol_sha256
Jarvis-Bandgap_MBJ,JARVIS,original_sftmat,43,297,0.23770956974732857,0.25764317664638475,6547.433988397941,2661154,1,d7a0a2a6b4afde2368592b63ce9582275a558f665bec87522b6957894ab6a343,adae888170a616d63ca455803e3c186d270cb62ae5bbd3ed70b55835dc8c674d
Jarvis-Bandgap_MBJ,JARVIS,ours,43,174,0.24789867246288746,0.2739949499157527,7218.46828122437,2800739,1,2ed88f2942406e3e1930f2cccc4247b82cc083f34c5fa662467f9edef22c29ce,adae888170a616d63ca455803e3c186d270cb62ae5bbd3ed70b55835dc8c674d
Jarvis-Bandgap_OPT,JARVIS,original_sftmat,43,275,0.12093770628085003,0.12717070588940632,18806.238867376,2661154,1,7ec65f0d4ce8007e65b70112cf9e171a39fc8c879f68e53d9424675ebb1f4e15,adae888170a616d63ca455803e3c186d270cb62ae5bbd3ed70b55835dc8c674d
Jarvis-Bandgap_OPT,JARVIS,ours,43,290,0.12394888903370711,0.11591644717486355,22114.27072708495,2800739,1,2ff0797fd4bace76f10610510725b0f77d59a2833bf7ae2f88ef0b55f4b5dfce,adae888170a616d63ca455803e3c186d270cb62ae5bbd3ed70b55835dc8c674d
Jarvis-FormationEnergy,JARVIS,original_sftmat,43,279,0.02969611392805068,0.0299423333132436,20534.915717208758,2661154,1,02a48990a25d712ffbf5cfd59a62355e4454170b72d366ca2bc84681ebbe8051,adae888170a616d63ca455803e3c186d270cb62ae5bbd3ed70b55835dc8c674d
Jarvis-FormationEnergy,JARVIS,ours,43,279,0.029251425035634833,0.028965951948047818,22180.395707232878,2800739,1,e46c4834d6f5af41218e48528f92d0706ca494a80a94cb32dfe1539e0d79c708,adae888170a616d63ca455803e3c186d270cb62ae5bbd3ed70b55835dc8c674d
Jarvis-TotalEnergy,JARVIS,original_sftmat,43,285,0.031262843132190195,0.032581543956649126,19884.878883974627,2661154,1,3b09ebf19d192e667c10f9ffaeadb71a3421c5590661f1814bf04180e43ec3d6,adae888170a616d63ca455803e3c186d270cb62ae5bbd3ed70b55835dc8c674d
Jarvis-TotalEnergy,JARVIS,ours,43,287,0.0307532494562783,0.03141478261805599,22817.805995879695,2800739,1,1dd3f9641cc886f8852eb74f7f7811601ba9be2cc5d79ae2a7f700885d1b6f30,adae888170a616d63ca455803e3c186d270cb62ae5bbd3ed70b55835dc8c674d
Jarvis-BulkModulusKv,JARVIS,original_sftmat,43,225,9.013061740534093,9.506418491766706,7470.047908872366,2661154,1,68e41b7d47b3afc1ee73c745ae41d8c87b2b05f2c1a0c58d4f4941c4a13019bf,adae888170a616d63ca455803e3c186d270cb62ae5bbd3ed70b55835dc8c674d
Jarvis-BulkModulusKv,JARVIS,ours,43,211,9.185918358283315,9.473764217965972,8060.025048708543,2800739,1,9b0b9ac6ebd498336173a8f9956dc72e2bba451bf5689e3fcd45e96dbca3a718,adae888170a616d63ca455803e3c186d270cb62ae5bbd3ed70b55835dc8c674d
Jarvis-ShearModulusGv,JARVIS,original_sftmat,43,274,8.620151984982375,8.99067522064457,6944.860411450267,2661154,1,2b7bd345372b05d6c2a86297470cc41cb584e2338ac5538e01bec20a5c2a2c0e,adae888170a616d63ca455803e3c186d270cb62ae5bbd3ed70b55835dc8c674d
Jarvis-ShearModulusGv,JARVIS,ours,43,274,8.533361993184904,8.819102713732216,7504.77251689136,2800739,1,b9e6de484cbbc0f3321ce147fc86436a159f9c19ace8c6b1cdefa786115223e8,adae888170a616d63ca455803e3c186d270cb62ae5bbd3ed70b55835dc8c674d
MP-Bandgap,MP,original_sftmat,43,220,0.2134970676422119,0.2092501955438954,29961.837140262127,2661154,1,9427e4f511b71279bcebb9ca38e8579a1748caaaae9e11574ea397b267012e00,adae888170a616d63ca455803e3c186d270cb62ae5bbd3ed70b55835dc8c674d
MP-Bandgap,MP,ours,43,228,0.20839119374752044,0.19471574753753898,32091.837140262127,2800739,1,a476ddc5cde48b668ddb5cbd86bf02b4342b6ea7df8b5332c97e7a6f2a80b540,adae888170a616d63ca455803e3c186d270cb62ae5bbd3ed70b55835dc8c674d
MP-FormationEnergy,MP,original_sftmat,43,276,0.020583225536346436,0.024935507959173632,30790.686359615996,2661154,1,1d54a8235f1ff1207514ac5eafed1f36bf4aae5f84d3e3ed72f2f108395fb469,adae888170a616d63ca455803e3c186d270cb62ae5bbd3ed70b55835dc8c674d
MP-FormationEnergy,MP,ours,43,300,0.019984183633327483,0.02389503114445265,34183.71488477662,2800739,1,f2c9b044ecb1b4e114d3c1fa3cc5df6a8b2b01ee7658c1638873a4235ababdd8,adae888170a616d63ca455803e3c186d270cb62ae5bbd3ed70b55835dc8c674d
MP-BulkModuli,MP,original_sftmat,43,231,0.03787937581436916,0.03833650806551323,2201.902128217742,2661154,1,c5d6958ccf7caed6f551bd50396d3089f2b242a7061da862c098b2c4a8d907a1,adae888170a616d63ca455803e3c186d270cb62ae5bbd3ed70b55835dc8c674d
MP-BulkModuli,MP,ours,43,246,0.037664006750129715,0.03643999889007359,2441.8452765550464,2800739,1,cf980c0cf2e570b24beae0676fe9cdfda33a5f3e2b5ccc99ccce64382a60bd53,adae888170a616d63ca455803e3c186d270cb62ae5bbd3ed70b55835dc8c674d
MP-ShearModuli,MP,original_sftmat,43,164,0.06710007076197995,0.07175613962765623,2427.2514280881733,2661154,1,2b5377d593cac7b4ae520daae1cf8dbfb4428440bb9b60518955437d0adc987b,adae888170a616d63ca455803e3c186d270cb62ae5bbd3ed70b55835dc8c674d
MP-ShearModuli,MP,ours,43,234,0.06568430218443044,0.07210854580226525,2658.4480175767094,2800739,1,80c196347fa0caabb5411cb38f0e930468726ac523ac596529c46773a8cbc530,adae888170a616d63ca455803e3c186d270cb62ae5bbd3ed70b55835dc8c674d
